Label,CNN_Pred,CNN_Prob,Transformer_Pred,Transformer_Prob,Ensemble_Pred,Agree,High_Conf_Threat
1,0,0.82610184,0,0.9662575,0,True,True
1,0,0.79964453,0,0.9925569,0,True,True
1,0,0.68010753,1,0.87978387,0,False,False
1,1,0.9795419,1,0.709255,1,True,False
1,1,0.55734444,1,0.9281211,1,True,False
1,1,0.9197984,1,0.963883,1,True,False
1,1,0.97908336,1,0.91363895,1,True,False
1,1,0.97938526,1,0.87965405,1,True,False
1,1,0.90082115,1,0.9887883,1,True,False
1,1,0.95394653,1,0.98519737,1,True,False
1,0,0.6814932,0,0.64719474,0,True,False
1,1,0.89882874,0,0.97988725,0,False,False
1,1,0.9752136,1,0.94489026,1,True,False
1,1,0.89090514,1,0.85642916,1,True,False
1,1,0.8803342,1,0.7107368,1,True,False
1,1,0.79966843,1,0.980588,1,True,False
1,1,0.96791524,1,0.99370295,1,True,False
1,1,0.9616017,1,0.9872744,1,True,False
1,1,0.98868096,1,0.99245465,1,True,False
1,1,0.9922672,1,0.74844545,1,True,False
1,1,0.9745778,1,0.6974546,1,True,False
1,1,0.6074039,1,0.99343663,1,True,False
1,1,0.9167455,1,0.99144745,1,True,False
1,1,0.9209557,1,0.9922429,1,True,False
1,1,0.9019298,1,0.98181826,1,True,False
1,1,0.9208368,0,0.9435633,0,False,False
1,1,0.9228278,0,0.96139956,0,False,False
1,1,0.65178174,1,0.96606475,1,True,False
1,1,0.64763284,1,0.97051054,1,True,False
1,1,0.7511685,1,0.9862678,1,True,False
1,1,0.9585092,1,0.78080976,1,True,False
1,1,0.8752819,1,0.92677057,1,True,False
1,1,0.9978765,1,0.5971315,1,True,False
1,1,0.9906221,1,0.8454136,1,True,False
1,1,0.96022993,1,0.89138436,1,True,False
1,1,0.9591022,1,0.9295426,1,True,False
1,1,0.9940215,1,0.9934861,1,True,False
1,1,0.56058055,1,0.9717506,1,True,False
1,1,0.59869117,1,0.9955538,1,True,False
1,1,0.7781148,1,0.99090403,1,True,False
1,1,0.83894074,1,0.9972031,1,True,False
1,1,0.60936344,1,0.9657664,1,True,False
1,1,0.8398003,1,0.99870265,1,True,False
1,0,0.61650133,1,0.998458,0,False,False
1,0,0.7706656,1,0.99829465,0,False,False
1,1,0.99910694,1,0.9983267,1,True,False
1,1,0.81349885,1,0.992714,1,True,False
1,1,0.7865237,1,0.9959527,1,True,False
1,1,0.99742633,1,0.99896157,1,True,False
1,1,0.60471416,1,0.9676876,1,True,False
1,1,0.8007101,1,0.68865174,1,True,False
1,0,0.5003739,1,0.9854198,0,False,False
1,1,0.93438303,1,0.84589124,1,True,False
1,1,0.9182144,1,0.84372437,1,True,False
1,1,0.99350077,1,0.96404827,1,True,False
1,0,0.5888831,1,0.9925932,0,False,False
1,0,0.6326471,1,0.98526484,0,False,False
1,1,0.91756195,1,0.98026764,1,True,False
1,1,0.9955954,1,0.6569623,1,True,False
1,1,0.9996216,1,0.9897301,1,True,False
1,0,0.5190663,1,0.9620872,0,False,False
1,1,0.9481559,1,0.82844037,1,True,False
1,1,0.9351278,1,0.8759882,1,True,False
1,1,0.7700954,1,0.99266315,1,True,False
1,1,0.95233923,1,0.99609417,1,True,False
1,1,0.7969028,1,0.97578114,1,True,False
1,1,0.8290293,1,0.9959753,1,True,False
1,1,0.52513695,1,0.97888374,1,True,False
1,1,0.9599831,1,0.9586047,1,True,False
1,1,0.9757018,1,0.98242676,1,True,False
1,1,0.84803355,1,0.98482805,1,True,False
1,1,0.96646535,1,0.6426019,1,True,False
1,1,0.87154657,1,0.9987587,1,True,False
1,1,0.8670196,1,0.99867576,1,True,False
1,1,0.9891726,1,0.99941134,1,True,False
1,1,0.64213806,1,0.8819216,1,True,False
1,1,0.8864361,1,0.99089515,1,True,False
1,1,0.7765278,1,0.9868396,1,True,False
1,1,0.8806442,1,0.9707337,1,True,False
1,1,0.9976828,1,0.98440635,1,True,False
1,1,0.9478927,1,0.66368854,1,True,False
1,1,0.93275696,1,0.8087462,1,True,False
1,1,0.98331934,1,0.99108785,1,True,False
1,1,0.89676154,1,0.93252295,1,True,False
1,1,0.635089,1,0.8919867,1,True,False
1,1,0.5960891,1,0.884427,1,True,False
1,1,0.90987915,1,0.9493281,1,True,False
1,1,0.9159783,1,0.85974205,1,True,False
1,1,0.8707463,1,0.97893,1,True,False
1,1,0.9738941,1,0.9474815,1,True,False
1,1,0.80168545,1,0.9192917,1,True,False
1,0,0.8985967,0,0.96319735,0,True,True
1,0,0.7484196,1,0.98169947,0,False,False
1,0,0.6966436,0,0.72416437,0,True,True
1,0,0.70608056,0,0.66345084,0,True,False
1,1,0.98452985,1,0.98757476,1,True,False
1,1,0.8896834,1,0.75562245,1,True,False
1,1,0.81230587,1,0.9899323,1,True,False
1,1,0.7573458,1,0.91077167,1,True,False
1,1,0.98986477,1,0.99476504,1,True,False
1,1,0.57621557,1,0.8754323,1,True,False
1,1,0.8363329,1,0.9550637,1,True,False
1,1,0.9062489,1,0.91490126,1,True,False
1,1,0.98028344,1,0.95351464,1,True,False
1,1,0.9495999,1,0.97127825,1,True,False
1,1,0.93248886,1,0.91874754,1,True,False
1,1,0.8945942,1,0.80647457,1,True,False
1,1,0.95995367,1,0.9911084,1,True,False
1,1,0.9808928,1,0.990078,1,True,False
1,0,0.5572192,1,0.9355971,0,False,False
1,0,0.5182205,1,0.8520808,0,False,False
1,0,0.55141217,1,0.92753005,0,False,False
1,0,0.7955791,1,0.93606275,0,False,False
1,0,0.78181285,1,0.92310685,0,False,False
1,1,0.9063601,1,0.99788374,1,True,False
1,1,0.9522023,1,0.92202973,1,True,False
1,1,0.9550342,1,0.9338292,1,True,False
1,1,0.9521937,1,0.97846323,1,True,False
1,1,0.94580376,1,0.96310514,1,True,False
1,1,0.9385337,1,0.9926379,1,True,False
1,1,0.680153,1,0.81051403,1,True,False
1,1,0.5683699,1,0.61164874,1,True,False
1,1,0.9585955,1,0.97900623,1,True,False
1,1,0.98930573,1,0.92158705,1,True,False
1,1,0.99251646,1,0.9839987,1,True,False
1,1,0.98707706,0,0.97419804,0,False,False
1,1,0.9666871,1,0.62385374,1,True,False
1,1,0.86070323,1,0.9895867,1,True,False
1,1,0.82913554,1,0.9783239,1,True,False
1,1,0.9744032,1,0.97099125,1,True,False
1,1,0.9847836,1,0.9596083,1,True,False
1,1,0.88583183,1,0.53318,1,True,False
1,1,0.96882117,1,0.99310535,1,True,False
1,1,0.90119,1,0.9798799,1,True,False
1,1,0.9229441,1,0.9891474,1,True,False
1,1,0.9113506,1,0.7210825,1,True,False
1,1,0.9491884,1,0.97947717,1,True,False
1,0,0.898335,0,0.9485925,0,True,True
1,1,0.50918204,1,0.96989775,1,True,False
1,0,0.5804399,1,0.93510455,0,False,False
1,1,0.9901186,1,0.96785617,1,True,False
1,1,0.98444116,1,0.90921897,1,True,False
1,1,0.9026455,1,0.87283057,1,True,False
1,1,0.98021704,1,0.9783466,1,True,False
1,1,0.9648028,1,0.9362427,1,True,False
1,1,0.5809492,1,0.9249241,1,True,False
1,1,0.58417326,1,0.9271347,1,True,False
1,1,0.5862306,1,0.91119987,1,True,False
1,1,0.8600561,1,0.8973494,1,True,False
1,1,0.9994091,1,0.9919626,1,True,False
1,1,0.51183826,1,0.9470303,1,True,False
1,1,0.93598014,1,0.98887885,1,True,False
1,0,0.5936317,1,0.9868085,0,False,False
1,1,0.5290049,1,0.9838398,1,True,False
1,1,0.92662936,1,0.9790071,1,True,False
1,1,0.9984944,1,0.9985013,1,True,False
1,1,0.780057,1,0.9872787,1,True,False
1,0,0.673615,1,0.9969098,0,False,False
1,1,0.61425537,1,0.9763289,1,True,False
1,1,0.8868729,1,0.9607782,1,True,False
1,1,0.98718137,1,0.97689193,1,True,False
1,1,0.9098894,1,0.98643714,1,True,False
1,1,0.9888166,1,0.96501046,1,True,False
1,1,0.9972904,1,0.99826473,1,True,False
1,1,0.9743654,1,0.9538973,1,True,False
1,1,0.96018696,1,0.9619557,1,True,False
1,1,0.989712,1,0.96523416,1,True,False
1,1,0.9910936,1,0.9858133,1,True,False
1,0,0.81494796,0,0.95785165,0,True,True
1,0,0.7154269,1,0.88574797,0,False,False
1,1,0.98572993,1,0.87095743,1,True,False
1,1,0.98351717,1,0.9184474,1,True,False
1,1,0.7992355,1,0.88111955,1,True,False
1,1,0.721739,1,0.981265,1,True,False
1,1,0.8926148,1,0.9905752,1,True,False
1,1,0.9985588,1,0.54389876,1,True,False
1,1,0.9072469,1,0.9711934,1,True,False
1,1,0.996637,1,0.9955237,1,True,False
1,1,0.76491904,1,0.96715015,1,True,False
1,1,0.71576005,1,0.9754701,1,True,False
1,1,0.8170153,1,0.98741734,1,True,False
1,1,0.51419777,1,0.9591658,1,True,False
1,1,0.6954081,1,0.9462415,1,True,False
1,1,0.7559351,1,0.8961568,1,True,False
1,1,0.8783475,1,0.8701918,1,True,False
1,1,0.95654917,1,0.971238,1,True,False
1,1,0.94360566,1,0.98248994,1,True,False
1,1,0.6678728,1,0.9379912,1,True,False
1,1,0.939556,1,0.9885212,1,True,False
1,1,0.77578455,1,0.97181445,1,True,False
1,1,0.99976104,1,0.9977829,1,True,False
1,1,0.9944614,1,0.9579935,1,True,False
1,0,0.69030875,1,0.9406395,0,False,False
1,0,0.8640018,0,0.9988048,0,True,True
1,0,0.5033854,1,0.6362713,0,False,False
1,1,0.92152995,1,0.99395245,1,True,False
1,1,0.99383825,1,0.99928516,1,True,False
1,0,0.58315516,1,0.9865013,0,False,False
1,1,0.8994634,1,0.97548246,1,True,False
1,1,0.69756556,1,0.97982055,1,True,False
1,1,0.8872703,1,0.9969472,1,True,False
1,0,0.732955,1,0.9828111,0,False,False
1,0,0.86537576,1,0.8681848,0,False,False
1,1,0.913045,1,0.5519426,1,True,False
1,1,0.92699814,1,0.92278355,1,True,False
1,1,0.9867617,1,0.97642356,1,True,False
1,1,0.9928261,1,0.9953595,1,True,False
1,1,0.96634555,1,0.87051517,1,True,False
1,1,0.9157385,1,0.89955264,1,True,False
1,1,0.929971,1,0.94586575,1,True,False
1,1,0.88640153,1,0.9736085,1,True,False
1,1,0.99418044,1,0.99433774,1,True,False
1,1,0.9750254,1,0.9622669,1,True,False
1,1,0.89179707,1,0.943325,1,True,False
1,1,0.59033036,1,0.90925395,1,True,False
1,1,0.8664308,1,0.9855854,1,True,False
1,1,0.9705813,1,0.94428855,1,True,False
1,1,0.98442703,1,0.9791545,1,True,False
1,0,0.8847717,0,0.63647467,0,True,True
1,0,0.8817209,0,0.6220495,0,True,True
1,1,0.9972735,1,0.85217214,1,True,False
1,1,0.99737716,1,0.8844714,1,True,False
1,1,0.7623139,1,0.9097926,1,True,False
1,1,0.9602741,1,0.9478594,1,True,False
1,1,0.9581987,1,0.95340335,1,True,False
1,1,0.99274325,1,0.96275604,1,True,False
1,1,0.7102577,1,0.9874544,1,True,False
1,1,0.82229507,1,0.98441005,1,True,False
1,1,0.99224335,1,0.9660198,1,True,False
1,1,0.9866729,1,0.9871417,1,True,False
1,1,0.56992114,1,0.9766797,1,True,False
1,1,0.64176136,1,0.82940656,1,True,False
1,1,0.99745375,1,0.9844535,1,True,False
1,1,0.56665325,1,0.98236805,1,True,False
1,0,0.94988036,1,0.8141357,0,False,False
1,0,0.956661,0,0.6451634,0,True,True
1,1,0.78158885,1,0.9903329,1,True,False
1,1,0.7937201,1,0.99172485,1,True,False
1,1,0.9995183,1,0.99364376,1,True,False
1,1,0.96600145,1,0.82350904,1,True,False
1,1,0.65200084,1,0.9279088,1,True,False
1,1,0.970747,1,0.9942972,1,True,False
1,1,0.99293476,1,0.99520737,1,True,False
1,1,0.972128,1,0.98859507,1,True,False
1,1,0.93114895,1,0.9038102,1,True,False
1,0,0.5515499,1,0.98920107,0,False,False
1,0,0.5582287,1,0.98813206,0,False,False
1,1,0.85957414,0,0.98361003,0,False,False
1,1,0.9638513,1,0.99598265,1,True,False
1,1,0.99572206,1,0.9977187,1,True,False
1,1,0.8771009,1,0.76459455,1,True,False
1,1,0.88132405,1,0.8819599,1,True,False
1,1,0.7466865,1,0.99711275,1,True,False
1,1,0.74623054,1,0.99814093,1,True,False
1,1,0.98687243,1,0.9832562,1,True,False
1,1,0.9524793,1,0.9823981,1,True,False
1,1,0.88072187,1,0.99158067,1,True,False
1,1,0.9651366,1,0.98700047,1,True,False
1,1,0.712891,1,0.9158979,1,True,False
1,1,0.9673263,1,0.99185705,1,True,False
1,1,0.9809224,1,0.99461997,1,True,False
1,1,0.8819825,1,0.9693554,1,True,False
1,0,0.57278347,1,0.8522949,0,False,False
1,1,0.73187155,1,0.63575464,1,True,False
1,1,0.9825242,1,0.9024359,1,True,False
1,1,0.6729456,1,0.82519805,1,True,False
1,1,0.9850258,1,0.66656727,1,True,False
1,1,0.9862366,1,0.8639107,1,True,False
1,1,0.96152383,1,0.9926004,1,True,False
1,0,0.89032495,1,0.82380843,0,False,False
1,0,0.88315845,0,0.5418941,0,True,True
1,1,0.7457524,1,0.6710534,1,True,False
1,1,0.91363907,1,0.98434514,1,True,False
1,1,0.8507987,1,0.9620527,1,True,False
1,1,0.938383,1,0.9830866,1,True,False
1,0,0.60699123,1,0.9632897,0,False,False
1,0,0.74522936,1,0.99012965,0,False,False
1,1,0.94091076,1,0.9920536,1,True,False
1,1,0.91973865,1,0.82534367,1,True,False
1,1,0.8062804,1,0.571078,1,True,False
1,1,0.57562387,1,0.81947625,1,True,False
1,1,0.6240805,1,0.8826012,1,True,False
1,1,0.97360647,1,0.9901862,1,True,False
1,1,0.9684322,1,0.97670263,1,True,False
1,1,0.94483364,1,0.96422267,1,True,False
1,1,0.95689124,1,0.5999002,1,True,False
1,1,0.5069609,1,0.7410763,1,True,False
1,1,0.9267907,1,0.9192832,1,True,False
1,1,0.8130554,1,0.96467996,1,True,False
1,1,0.8350247,1,0.96873415,1,True,False
1,1,0.97901183,1,0.9961067,1,True,False
1,1,0.95052236,0,0.61364627,0,False,False
1,1,0.94518346,1,0.9342238,1,True,False
1,1,0.95350933,1,0.99052644,1,True,False
1,0,0.8725718,1,0.52490383,0,False,False
1,0,0.73769045,1,0.8305207,0,False,False
1,1,0.7732011,1,0.9686216,1,True,False
1,1,0.74642783,1,0.91839623,1,True,False
1,1,0.9836932,1,0.8951523,1,True,False
1,1,0.85815537,1,0.8375194,1,True,False
1,1,0.9949468,1,0.8840014,1,True,False
1,1,0.9701661,1,0.9303501,1,True,False
1,1,0.6554104,1,0.9821187,1,True,False
1,1,0.9135633,0,0.7503872,0,False,False
1,1,0.98260236,1,0.94453263,1,True,False
1,1,0.96359944,1,0.9675102,1,True,False
1,1,0.982284,1,0.83079815,1,True,False
1,1,0.8664059,0,0.9597227,0,False,False
1,1,0.93599385,1,0.9925729,1,True,False
1,1,0.9575517,1,0.9949674,1,True,False
1,1,0.9222583,1,0.9872972,1,True,False
1,1,0.9839685,1,0.7787302,1,True,False
1,1,0.98525906,1,0.78784627,1,True,False
1,1,0.9895007,1,0.92783755,1,True,False
1,1,0.97751004,1,0.9854022,1,True,False
1,1,0.99972993,1,0.99570304,1,True,False
1,1,0.75177646,1,0.9821753,1,True,False
1,1,0.9795783,1,0.99574643,1,True,False
1,1,0.86426544,0,0.60658216,0,False,False
1,1,0.9879875,1,0.90821284,1,True,False
1,0,0.8434746,0,0.9990503,0,True,True
1,0,0.93024904,0,0.995933,0,True,True
1,1,0.50365245,1,0.74683625,1,True,False
1,0,0.9213194,0,0.99283785,0,True,True
1,1,0.77986073,1,0.9900041,1,True,False
1,1,0.92471576,1,0.9867511,1,True,False
1,1,0.953369,1,0.9679261,1,True,False
1,1,0.99660563,1,0.98639894,1,True,False
1,1,0.90720683,1,0.96369296,1,True,False
1,1,0.85065204,1,0.97106576,1,True,False
1,1,0.9655079,1,0.9644421,1,True,False
1,1,0.9947733,1,0.98425645,1,True,False
1,1,0.7087762,1,0.8540346,1,True,False
1,1,0.98831034,0,0.54962003,0,False,False
1,1,0.936544,1,0.96156603,1,True,False
1,1,0.5333129,1,0.9564038,1,True,False
1,1,0.79010034,1,0.99537426,1,True,False
1,1,0.9959919,1,0.9889203,1,True,False
1,1,0.97979635,1,0.9868047,1,True,False
1,1,0.9402219,1,0.97029537,1,True,False
1,1,0.9817014,1,0.9961255,1,True,False
1,1,0.9975708,1,0.99418616,1,True,False
1,1,0.9894292,1,0.9975358,1,True,False
1,1,0.9035425,1,0.9917287,1,True,False
1,0,0.9094112,1,0.9808836,0,False,False
1,1,0.98293465,1,0.92027646,1,True,False
1,1,0.9855128,1,0.921205,1,True,False
1,1,0.9864629,1,0.8983216,1,True,False
1,1,0.94988453,1,0.99780935,1,True,False
1,1,0.99946886,1,0.8830221,1,True,False
1,1,0.9329884,1,0.99416536,1,True,False
1,0,0.8601339,1,0.8746471,0,False,False
1,0,0.80129457,0,0.87415236,0,True,True
1,0,0.52197045,1,0.9466366,0,False,False
1,0,0.55191797,1,0.9935922,0,False,False
1,1,0.9927228,1,0.98732054,1,True,False
1,1,0.9966235,1,0.96630037,1,True,False
1,1,0.99937254,1,0.99603736,1,True,False
1,1,0.70605725,0,0.8941599,0,False,False
1,1,0.97475284,1,0.957682,1,True,False
1,1,0.982116,1,0.75055754,1,True,False
1,1,0.5402129,1,0.8499575,1,True,False
1,0,0.5178255,1,0.8779853,0,False,False
1,1,0.5263774,1,0.88897526,1,True,False
1,1,0.89360374,1,0.82821536,1,True,False
1,1,0.7020369,1,0.98131174,1,True,False
1,1,0.6280401,1,0.8096623,1,True,False
1,1,0.99711967,1,0.9770825,1,True,False
1,1,0.9488295,1,0.99373287,1,True,False
1,1,0.8977397,1,0.83513296,1,True,False
1,1,0.90786195,1,0.98786515,1,True,False
1,1,0.9307935,0,0.82143486,0,False,False
1,1,0.92848134,0,0.82196444,0,False,False
1,1,0.8009675,1,0.9185514,1,True,False
1,1,0.5396339,1,0.88573205,1,True,False
1,1,0.9632146,1,0.9852556,1,True,False
1,0,0.80891,1,0.9291314,0,False,False
1,0,0.5438669,0,0.9878989,0,True,True
1,1,0.87873656,0,0.8823363,0,False,False
1,1,0.6771471,1,0.9914278,1,True,False
1,1,0.54764223,1,0.84028375,1,True,False
1,1,0.9174494,1,0.98106164,1,True,False
1,1,0.89975464,1,0.9870558,1,True,False
1,1,0.9547429,1,0.9952219,1,True,False
1,1,0.9612507,1,0.9290673,1,True,False
1,1,0.95404774,1,0.9533692,1,True,False
1,1,0.8999173,1,0.9267398,1,True,False
1,1,0.94736326,1,0.9718426,1,True,False
1,1,0.5311564,1,0.9273724,1,True,False
1,1,0.56281227,1,0.96550936,1,True,False
1,1,0.957671,0,0.5456129,0,False,False
1,1,0.9007765,1,0.987653,1,True,False
1,1,0.9371458,1,0.97837585,1,True,False
1,1,0.55583173,1,0.89365786,1,True,False
1,1,0.58457506,1,0.9825052,1,True,False
1,0,0.8669411,1,0.8438061,0,False,False
1,1,0.61574787,1,0.99460477,1,True,False
1,1,0.9949167,1,0.97970885,1,True,False
1,1,0.99744594,1,0.97383595,1,True,False
1,1,0.63893515,1,0.9977088,1,True,False
1,1,0.71659845,1,0.99811804,1,True,False
1,0,0.85886866,1,0.9865593,0,False,False
1,1,0.9883767,1,0.9884992,1,True,False
1,1,0.9792038,1,0.971211,1,True,False
1,1,0.94571537,1,0.9304808,1,True,False
1,1,0.99158853,1,0.9855898,1,True,False
1,1,0.970053,1,0.933426,1,True,False
1,1,0.9747804,1,0.75095296,1,True,False
1,1,0.96589303,1,0.9638954,1,True,False
1,1,0.9197675,1,0.8533568,1,True,False
1,0,0.5082797,1,0.95757383,0,False,False
1,1,0.9674335,1,0.9862521,1,True,False
1,1,0.974305,1,0.98784745,1,True,False
1,1,0.8357133,1,0.98623234,1,True,False
1,1,0.9147655,1,0.95155,1,True,False
1,1,0.99261487,1,0.98764914,1,True,False
1,1,0.9050964,0,0.98411477,0,False,False
1,1,0.8700534,1,0.82195324,1,True,False
1,1,0.9784128,1,0.8727044,1,True,False
1,1,0.9498753,1,0.86909586,1,True,False
1,1,0.90403575,1,0.5725929,1,True,False
1,1,0.9633177,1,0.9901494,1,True,False
1,0,0.71257305,1,0.9574644,0,False,False
1,1,0.82799035,1,0.9830399,1,True,False
1,1,0.65102214,1,0.98337215,1,True,False
1,1,0.9051217,1,0.911991,1,True,False
1,0,0.6156234,1,0.7877269,0,False,False
1,1,0.65726423,0,0.6484441,0,False,False
1,1,0.67875314,1,0.96418554,1,True,False
1,1,0.8388258,1,0.9147183,1,True,False
1,1,0.99491286,1,0.9921218,1,True,False
1,1,0.5531632,1,0.79329264,1,True,False
1,1,0.6860534,0,0.8447264,0,False,False
1,1,0.7230453,1,0.9485217,1,True,False
1,1,0.9660927,1,0.91083664,1,True,False
1,1,0.9848918,1,0.9904417,1,True,False
1,0,0.94204473,1,0.9800868,0,False,False
1,1,0.97174543,1,0.99480385,1,True,False
1,0,0.5291285,1,0.8343908,0,False,False
1,1,0.7324905,0,0.8367688,0,False,False
1,0,0.7055288,1,0.7549761,0,False,False
1,0,0.94322157,1,0.5949434,0,False,False
1,0,0.7207791,1,0.9425561,0,False,False
1,1,0.6561965,1,0.7280263,1,True,False
1,0,0.7315132,0,0.5431587,0,True,False
1,1,0.81652755,1,0.99119604,1,True,False
1,1,0.90693665,1,0.95963913,1,True,False
1,1,0.9861807,1,0.98701364,1,True,False
1,1,0.9204864,1,0.9916221,1,True,False
1,1,0.7642334,0,0.6719414,0,False,False
1,1,0.97182435,1,0.95690596,1,True,False
1,1,0.75885504,1,0.9412523,1,True,False
1,1,0.9103601,1,0.97878987,1,True,False
1,0,0.7813369,1,0.98416764,0,False,False
1,1,0.9558116,1,0.99903995,1,True,False
1,1,0.8971643,1,0.9657246,1,True,False
1,1,0.84919614,1,0.97975403,1,True,False
1,1,0.98736644,1,0.9966653,1,True,False
1,1,0.6654854,1,0.9645358,1,True,False
1,1,0.79756135,1,0.99738294,1,True,False
1,1,0.5304109,1,0.99844426,1,True,False
1,1,0.6756001,1,0.99642026,1,True,False
1,1,0.7642693,1,0.9778997,1,True,False
1,1,0.95141596,0,0.8521985,0,False,False
1,1,0.95201015,0,0.86851287,0,False,False
1,1,0.50211865,1,0.92919385,1,True,False
1,0,0.7334367,1,0.9411208,0,False,False
1,1,0.565716,1,0.99159545,1,True,False
1,1,0.8659094,1,0.9138647,1,True,False
1,0,0.7041158,1,0.9112818,0,False,False
1,1,0.8553234,1,0.98719275,1,True,False
1,1,0.762374,1,0.94181293,1,True,False
1,1,0.81507355,1,0.9957699,1,True,False
1,1,0.99438393,1,0.97783613,1,True,False
1,1,0.9314126,1,0.63237864,1,True,False
1,1,0.94549495,1,0.8461159,1,True,False
1,1,0.985819,1,0.99087137,1,True,False
1,1,0.9433074,1,0.99758863,1,True,False
1,1,0.98093396,0,0.51657224,0,False,False
1,1,0.8458404,1,0.7782753,1,True,False
1,1,0.67575055,1,0.9096279,1,True,False
1,0,0.60727024,1,0.9549303,0,False,False
1,1,0.8947409,1,0.98371744,1,True,False
1,1,0.8865156,1,0.98174393,1,True,False
1,1,0.8854732,1,0.9853491,1,True,False
1,1,0.9415868,1,0.88280934,1,True,False
1,1,0.6819566,0,0.5161683,0,False,False
1,0,0.53492576,1,0.98004246,0,False,False
1,1,0.8019627,1,0.99773717,1,True,False
1,0,0.6481822,0,0.7928769,0,True,True
1,0,0.86740476,1,0.9397584,0,False,False
1,1,0.8354448,1,0.8981991,1,True,False
1,1,0.94339436,1,0.68316716,1,True,False
1,1,0.9536343,1,0.6152414,1,True,False
1,1,0.8945364,1,0.66330653,1,True,False
1,1,0.91941893,1,0.9618002,1,True,False
1,0,0.53049564,1,0.8144607,0,False,False
1,1,0.695865,1,0.9421753,1,True,False
1,1,0.9579224,1,0.9623612,1,True,False
1,1,0.8475286,1,0.9554933,1,True,False
1,1,0.9932017,0,0.555754,0,False,False
1,0,0.8496321,0,0.8399446,0,True,True
1,0,0.96125466,0,0.98500025,0,True,True
1,1,0.999782,1,0.9990876,1,True,False
1,1,0.68759316,1,0.9719644,1,True,False
1,1,0.9288542,1,0.97440606,1,True,False
1,0,0.9660614,0,0.98491883,0,True,True
1,1,0.95448697,0,0.9379701,0,False,False
1,1,0.95019186,0,0.92536443,0,False,False
1,1,0.9213237,1,0.9685873,1,True,False
1,1,0.7492605,0,0.5234723,0,False,False
1,1,0.98349136,1,0.9842264,1,True,False
1,1,0.98520756,1,0.9689359,1,True,False
1,1,0.98637056,1,0.9731015,1,True,False
1,0,0.9195331,0,0.55420965,0,True,True
1,1,0.5179248,1,0.9153902,1,True,False
1,1,0.963345,1,0.9842184,1,True,False
1,1,0.8844673,1,0.91645455,1,True,False
1,0,0.68651223,1,0.85587806,0,False,False
1,0,0.52306855,1,0.8822854,0,False,False
1,1,0.88625485,1,0.98306596,1,True,False
1,1,0.9508897,1,0.9346942,1,True,False
1,1,0.946549,1,0.71509904,1,True,False
1,1,0.9698396,1,0.99372065,1,True,False
1,1,0.9755769,1,0.9126505,1,True,False
1,1,0.9493497,1,0.8762905,1,True,False
1,1,0.95610434,1,0.99465466,1,True,False
1,1,0.9648882,1,0.99849236,1,True,False
1,1,0.9249284,1,0.97424,1,True,False
1,1,0.9479974,1,0.9972613,1,True,False
1,1,0.9998202,1,0.99884474,1,True,False
1,1,0.9901939,1,0.97914815,1,True,False
1,1,0.99892116,1,0.99615544,1,True,False
1,0,0.73555976,1,0.8309879,0,False,False
1,0,0.7962689,1,0.72096467,0,False,False
1,1,0.5467507,1,0.9886231,1,True,False
1,0,0.7805969,1,0.9453555,0,False,False
1,0,0.77032775,1,0.92025334,0,False,False
1,0,0.7749105,1,0.9414576,0,False,False
1,1,0.80057496,1,0.9892252,1,True,False
1,1,0.9185141,1,0.86477214,1,True,False
1,0,0.6842871,1,0.9438276,0,False,False
1,0,0.84131145,1,0.97033834,0,False,False
1,0,0.8003554,1,0.98933804,0,False,False
1,1,0.9865965,1,0.9347605,1,True,False
1,1,0.9785701,1,0.9979436,1,True,False
1,1,0.98225284,1,0.99771094,1,True,False
1,1,0.846215,1,0.99003005,1,True,False
1,1,0.6570382,1,0.78684556,1,True,False
1,0,0.85074496,0,0.95643204,0,True,True
1,1,0.8879672,0,0.90408033,0,False,False
1,1,0.8144558,1,0.9871645,1,True,False
1,0,0.5306802,1,0.76308644,0,False,False
1,1,0.9624225,1,0.97958964,1,True,False
1,1,0.9110121,1,0.7366567,1,True,False
1,1,0.56840825,1,0.9927378,1,True,False
1,1,0.9717799,1,0.9928381,1,True,False
1,1,0.9412184,1,0.9930086,1,True,False
1,1,0.9673758,1,0.58461714,1,True,False
1,1,0.90548456,1,0.9770682,1,True,False
1,1,0.9780066,1,0.9718005,1,True,False
1,1,0.9955651,1,0.9992636,1,True,False
1,1,0.9699581,1,0.94075257,1,True,False
1,1,0.9016155,1,0.96213037,1,True,False
1,1,0.9879972,0,0.6394818,0,False,False
1,1,0.96435577,1,0.98964906,1,True,False
1,1,0.9366169,1,0.9625971,1,True,False
1,0,0.7189796,1,0.9868753,0,False,False
1,1,0.92561644,1,0.6519816,1,True,False
1,1,0.9462524,1,0.8840266,1,True,False
1,1,0.9301599,1,0.98508483,1,True,False
1,0,0.51348525,1,0.5316341,0,False,False
1,1,0.998774,1,0.9931746,1,True,False
1,1,0.99740916,1,0.63645405,1,True,False
1,1,0.99406993,1,0.94529796,1,True,False
1,1,0.99068683,1,0.53417003,1,True,False
1,1,0.9837383,1,0.99880517,1,True,False
1,1,0.65135175,0,0.66981757,0,False,False
1,1,0.72154975,1,0.81501174,1,True,False
1,0,0.6426843,1,0.6664632,0,False,False
1,1,0.8886579,1,0.9370893,1,True,False
1,1,0.97417474,1,0.9987583,1,True,False
1,0,0.89914644,1,0.7490036,0,False,False
1,1,0.5065336,1,0.903704,1,True,False
1,1,0.62515306,0,0.68386966,0,False,False
1,1,0.64299405,1,0.7947321,1,True,False
1,1,0.6557805,1,0.9606304,1,True,False
1,1,0.6186708,1,0.7004218,1,True,False
1,1,0.5270601,1,0.8970732,1,True,False
1,1,0.6804725,0,0.81566113,0,False,False
1,1,0.6958155,1,0.9842107,1,True,False
1,1,0.5873688,1,0.9209512,1,True,False
1,1,0.951167,1,0.81869346,1,True,False
1,1,0.87522656,1,0.84512126,1,True,False
1,1,0.89283603,1,0.98541343,1,True,False
1,1,0.8911801,1,0.97775704,1,True,False
1,1,0.7827897,1,0.890007,1,True,False
1,1,0.77517205,1,0.84143424,1,True,False
1,1,0.98903507,0,0.5931898,0,False,False
1,1,0.98687077,1,0.98126227,1,True,False
1,1,0.9990326,1,0.98765963,1,True,False
1,1,0.85366297,1,0.99855596,1,True,False
1,0,0.59395224,1,0.99766386,0,False,False
1,0,0.5083618,1,0.96224594,0,False,False
1,1,0.5879448,1,0.7076295,1,True,False
1,1,0.67866594,0,0.5177561,0,False,False
1,1,0.92154664,1,0.94701695,1,True,False
1,1,0.901317,1,0.9583444,1,True,False
1,1,0.9897221,1,0.991134,1,True,False
1,1,0.8443383,1,0.9865767,1,True,False
1,1,0.80579484,1,0.99248475,1,True,False
1,1,0.5259192,1,0.695865,1,True,False
1,1,0.79104954,1,0.9815615,1,True,False
1,1,0.74467474,1,0.8703604,1,True,False
1,1,0.7762689,1,0.9934261,1,True,False
1,1,0.77408653,1,0.9975616,1,True,False
1,1,0.93263346,1,0.9603549,1,True,False
1,1,0.9535186,1,0.9223578,1,True,False
1,0,0.6381004,1,0.99465066,0,False,False
1,1,0.94518214,1,0.9983462,1,True,False
1,1,0.99260473,1,0.96772844,1,True,False
1,1,0.99132943,1,0.980145,1,True,False
1,1,0.7648904,1,0.98612636,1,True,False
1,1,0.92804736,1,0.99294794,1,True,False
1,1,0.75554264,1,0.97532123,1,True,False
1,1,0.84871113,1,0.96736723,1,True,False
1,1,0.90892124,1,0.7812203,1,True,False
1,1,0.9404942,1,0.86984545,1,True,False
1,1,0.8303198,1,0.95616865,1,True,False
1,1,0.6802287,1,0.5232058,1,True,False
1,1,0.7609091,1,0.70763576,1,True,False
1,0,0.69799936,1,0.9976624,0,False,False
1,0,0.6616497,1,0.8954785,0,False,False
1,1,0.8651933,1,0.99710506,1,True,False
1,1,0.9850358,1,0.9956221,1,True,False
1,1,0.979607,1,0.6450853,1,True,False
1,1,0.8831256,1,0.9477587,1,True,False
1,1,0.8706161,1,0.87777513,1,True,False
1,0,0.60313267,1,0.9700542,0,False,False
1,1,0.9815498,1,0.98866,1,True,False
1,1,0.7992808,1,0.95266956,1,True,False
1,1,0.9702021,1,0.91654694,1,True,False
1,1,0.98282695,1,0.9902068,1,True,False
1,1,0.90998626,1,0.89963335,1,True,False
1,1,0.9345417,1,0.9450516,1,True,False
1,1,0.9239465,1,0.913949,1,True,False
1,1,0.9891722,1,0.9642549,1,True,False
1,1,0.8100191,1,0.9764034,1,True,False
1,1,0.79334664,1,0.9132583,1,True,False
1,1,0.8541807,1,0.9949144,1,True,False
1,1,0.7197032,1,0.9533844,1,True,False
1,1,0.9794255,1,0.9799167,1,True,False
1,1,0.6937162,1,0.997033,1,True,False
1,1,0.9369092,1,0.99292,1,True,False
1,0,0.5557577,1,0.9842218,0,False,False
1,0,0.60618037,1,0.9901366,0,False,False
1,1,0.88270473,1,0.9965893,1,True,False
1,1,0.53027284,1,0.97965974,1,True,False
1,1,0.9637454,1,0.9902588,1,True,False
1,1,0.98896784,1,0.7911568,1,True,False
1,1,0.9881594,1,0.84819657,1,True,False
1,1,0.87375015,1,0.8763336,1,True,False
1,0,0.89812905,1,0.95089656,0,False,False
1,1,0.99558496,1,0.9902919,1,True,False
1,1,0.9909875,1,0.9919228,1,True,False
1,1,0.98498315,1,0.99032146,1,True,False
1,0,0.6631692,1,0.8995263,0,False,False
1,1,0.81699777,1,0.6036035,1,True,False
1,0,0.5129413,1,0.9956852,0,False,False
1,1,0.96330917,1,0.9637995,1,True,False
1,1,0.9042418,0,0.89703983,0,False,False
1,1,0.9848654,1,0.9409132,1,True,False
1,1,0.9904627,1,0.99807173,1,True,False
1,1,0.9567309,1,0.9579024,1,True,False
1,1,0.977081,1,0.95643115,1,True,False
1,0,0.5008053,1,0.98343635,0,False,False
1,0,0.7094037,1,0.9546399,0,False,False
1,0,0.72636867,0,0.93831474,0,True,True
1,1,0.61656344,0,0.9592358,0,False,False
1,1,0.9897396,1,0.984838,1,True,False
1,0,0.6260618,1,0.86760473,0,False,False
1,1,0.6050554,1,0.5672387,1,True,False
1,1,0.6554691,1,0.9773169,1,True,False
1,1,0.9919573,1,0.9891032,1,True,False
1,1,0.83674735,1,0.9713948,1,True,False
1,1,0.9019269,1,0.9906121,1,True,False
1,1,0.9707106,1,0.9787313,1,True,False
1,1,0.99525,1,0.99385923,1,True,False
1,1,0.9770125,1,0.99196565,1,True,False
1,1,0.99831367,1,0.9974989,1,True,False
1,1,0.6730839,1,0.9878007,1,True,False
1,0,0.78786415,1,0.78713435,0,False,False
1,1,0.9861063,1,0.99782133,1,True,False
1,1,0.80030936,1,0.98804456,1,True,False
1,1,0.66398877,1,0.99736017,1,True,False
1,1,0.98288983,1,0.91186756,1,True,False
1,1,0.97837526,1,0.98495114,1,True,False
1,1,0.7942658,1,0.7684367,1,True,False
1,1,0.93697375,1,0.7699987,1,True,False
1,1,0.99066645,1,0.9925304,1,True,False
1,1,0.86162907,1,0.95373815,1,True,False
1,1,0.7958923,1,0.8166055,1,True,False
1,1,0.8960219,1,0.969942,1,True,False
1,1,0.9011273,1,0.98134845,1,True,False
1,1,0.97026426,1,0.97909594,1,True,False
1,1,0.9731919,1,0.99692494,1,True,False
1,1,0.95813435,1,0.98866826,1,True,False
1,1,0.99969125,1,0.9754397,1,True,False
1,1,0.9964309,1,0.9750173,1,True,False
1,1,0.8050266,1,0.8663586,1,True,False
1,1,0.9360566,1,0.9019677,1,True,False
1,1,0.93276566,1,0.9734428,1,True,False
1,1,0.9206342,1,0.96811724,1,True,False
1,1,0.93553466,1,0.9925991,1,True,False
1,1,0.98621017,1,0.9925787,1,True,False
1,1,0.982545,1,0.9966455,1,True,False
1,1,0.9787619,1,0.97899264,1,True,False
1,1,0.95305455,1,0.9455251,1,True,False
1,1,0.6836051,1,0.8414659,1,True,False
1,1,0.6732543,1,0.50818187,1,True,False
1,0,0.5302002,0,0.78611034,0,True,False
1,1,0.73698395,1,0.98777264,1,True,False
1,0,0.580926,0,0.5872713,0,True,False
1,0,0.6041995,1,0.61320424,0,False,False
1,1,0.907122,1,0.8584162,1,True,False
1,1,0.8420673,1,0.8341366,1,True,False
1,1,0.99219406,1,0.86547536,1,True,False
1,1,0.9932452,1,0.93531454,1,True,False
1,1,0.9390635,0,0.86339813,0,False,False
1,1,0.8884974,1,0.9861232,1,True,False
1,1,0.94517195,0,0.684582,0,False,False
1,1,0.9278048,1,0.9370691,1,True,False
1,1,0.84667075,1,0.97063035,1,True,False
1,1,0.51158124,0,0.78303385,0,False,False
1,0,0.60331887,0,0.627555,0,True,False
1,1,0.55405504,1,0.55338156,1,True,False
1,1,0.5064415,1,0.9917462,1,True,False
1,1,0.54989606,1,0.9925331,1,True,False
1,1,0.75602025,1,0.85192245,1,True,False
1,1,0.7346998,1,0.9976979,1,True,False
1,1,0.6218067,1,0.9685652,1,True,False
1,1,0.9311047,1,0.98167,1,True,False
1,1,0.99698824,1,0.99515015,1,True,False
1,1,0.70921594,1,0.6715586,1,True,False
1,1,0.86477196,1,0.6415771,1,True,False
1,0,0.8352249,1,0.82681006,0,False,False
1,1,0.5733259,1,0.9689041,1,True,False
1,1,0.859321,1,0.98034656,1,True,False
1,1,0.9257324,1,0.9685288,1,True,False
1,1,0.91763943,0,0.5123545,0,False,False
1,1,0.5010257,1,0.7217318,1,True,False
1,1,0.8361727,1,0.98721373,1,True,False
1,0,0.7647451,0,0.9918429,0,True,True
1,1,0.9923103,1,0.9970482,1,True,False
1,1,0.89380246,1,0.9976162,1,True,False
1,1,0.90112823,1,0.9224415,1,True,False
1,1,0.999522,1,0.9736459,1,True,False
1,1,0.99961287,1,0.9637978,1,True,False
1,1,0.9998462,1,0.99719304,1,True,False
1,1,0.98506397,1,0.96864814,1,True,False
1,1,0.9834906,1,0.99052924,1,True,False
1,1,0.6138252,1,0.9914231,1,True,False
1,0,0.9124886,1,0.96412516,0,False,False
1,1,0.54244065,1,0.9801118,1,True,False
1,1,0.8725258,1,0.9435192,1,True,False
1,1,0.82329583,1,0.9617583,1,True,False
1,1,0.7645166,1,0.7216219,1,True,False
1,1,0.9838393,1,0.87812823,1,True,False
1,1,0.8009945,1,0.96172416,1,True,False
1,0,0.94011074,0,0.7172051,0,True,True
1,0,0.7228029,0,0.5342508,0,True,False
1,1,0.9682091,1,0.986278,1,True,False
1,1,0.76722306,1,0.9458749,1,True,False
1,1,0.92125183,1,0.98301136,1,True,False
1,1,0.7090881,1,0.9797626,1,True,False
1,1,0.97477424,0,0.6930646,0,False,False
1,1,0.9973672,1,0.95398253,1,True,False
1,0,0.70665413,1,0.921391,0,False,False
1,1,0.5271051,1,0.99847156,1,True,False
1,1,0.97779137,1,0.8516598,1,True,False
1,1,0.92875975,1,0.9285306,1,True,False
1,1,0.91611737,1,0.9845256,1,True,False
1,1,0.83507407,1,0.9982191,1,True,False
1,1,0.7828538,1,0.93755645,1,True,False
1,1,0.9323309,1,0.9716537,1,True,False
1,1,0.9841381,1,0.9888071,1,True,False
1,1,0.99816245,1,0.99861753,1,True,False
1,1,0.9946445,1,0.98608786,1,True,False
1,1,0.99907565,1,0.92546785,1,True,False
1,1,0.8622075,1,0.9787896,1,True,False
1,1,0.99441504,1,0.9704484,1,True,False
1,1,0.9909615,1,0.99651223,1,True,False
1,1,0.9848321,1,0.9793345,1,True,False
1,1,0.95953256,1,0.97355753,1,True,False
1,1,0.9347399,1,0.8823628,1,True,False
1,1,0.97019905,1,0.95330703,1,True,False
1,1,0.92053086,1,0.9763381,1,True,False
1,1,0.97693753,1,0.9965199,1,True,False
1,1,0.97627705,1,0.98255956,1,True,False
1,1,0.6891916,1,0.8977935,1,True,False
1,0,0.6989211,1,0.96380943,0,False,False
1,0,0.908657,1,0.8725626,0,False,False
1,0,0.7210314,1,0.9238611,0,False,False
1,1,0.98938876,1,0.9469447,1,True,False
1,1,0.97935164,1,0.98158264,1,True,False
1,1,0.9496256,1,0.7767049,1,True,False
1,1,0.553586,1,0.97839123,1,True,False
1,1,0.6174043,1,0.79151595,1,True,False
1,1,0.99117005,1,0.98675853,1,True,False
1,1,0.9161653,0,0.6522436,0,False,False
1,1,0.97565985,1,0.95350575,1,True,False
1,1,0.98825246,1,0.9936702,1,True,False
1,1,0.9836062,1,0.9917882,1,True,False
1,0,0.5428126,0,0.8492382,0,True,False
1,1,0.5937723,1,0.5391589,1,True,False
1,1,0.92624193,1,0.9613939,1,True,False
1,0,0.5571328,1,0.99619055,0,False,False
1,1,0.8965261,1,0.9867259,1,True,False
1,1,0.78981256,1,0.7847146,1,True,False
1,1,0.9358908,1,0.9966363,1,True,False
1,1,0.76753837,1,0.5369443,1,True,False
1,1,0.6260531,1,0.58588266,1,True,False
1,1,0.875284,1,0.89557767,1,True,False
1,1,0.7540403,1,0.9586111,1,True,False
1,1,0.8177771,1,0.9396945,1,True,False
1,1,0.8491212,1,0.9584178,1,True,False
1,1,0.96249825,1,0.9975318,1,True,False
1,1,0.7107522,0,0.875339,0,False,False
1,1,0.5309749,1,0.5776165,1,True,False
1,1,0.83883,1,0.9837838,1,True,False
1,1,0.97619355,1,0.98771256,1,True,False
1,0,0.9641035,0,0.94065636,0,True,True
1,0,0.932928,1,0.84749836,0,False,False
1,1,0.8763223,1,0.9936848,1,True,False
1,1,0.9606842,1,0.9953069,1,True,False
1,0,0.52492696,1,0.9495753,0,False,False
1,1,0.9222211,1,0.8240204,1,True,False
1,1,0.93578804,1,0.9857943,1,True,False
1,1,0.9431663,1,0.80332404,1,True,False
1,1,0.79336315,1,0.9734074,1,True,False
1,0,0.74989253,1,0.9824241,0,False,False
1,1,0.8788171,1,0.996079,1,True,False
1,1,0.8085078,1,0.6801418,1,True,False
1,1,0.6460249,1,0.952861,1,True,False
1,1,0.9823077,1,0.9825513,1,True,False
1,1,0.8375477,1,0.9902103,1,True,False
1,1,0.9580758,1,0.98973364,1,True,False
1,1,0.58910644,1,0.8513417,1,True,False
1,1,0.62835836,1,0.9582032,1,True,False
1,0,0.6549806,0,0.93521976,0,True,True
1,0,0.6105667,1,0.7641591,0,False,False
1,0,0.9110692,0,0.925156,0,True,True
1,0,0.6039814,1,0.9969131,0,False,False
1,1,0.98918366,1,0.6817618,1,True,False
1,1,0.99166566,1,0.9396222,1,True,False
1,1,0.7508548,1,0.97089046,1,True,False
1,1,0.73677194,1,0.97725236,1,True,False
1,0,0.6031902,1,0.982884,0,False,False
1,1,0.99825543,1,0.79888177,1,True,False
1,1,0.9773291,1,0.94937134,1,True,False
1,1,0.9804136,1,0.9867345,1,True,False
1,1,0.9875109,1,0.99685717,1,True,False
1,1,0.99836046,1,0.99833184,1,True,False
1,1,0.84246063,1,0.9948148,1,True,False
1,1,0.9282587,1,0.9477204,1,True,False
1,1,0.9329454,1,0.99607337,1,True,False
1,1,0.9982627,1,0.9961145,1,True,False
1,1,0.8909362,1,0.94459754,1,True,False
1,1,0.7294094,1,0.74891615,1,True,False
1,0,0.8209357,1,0.7582467,0,False,False
1,1,0.9681295,1,0.99493366,1,True,False
1,1,0.9784816,1,0.7519742,1,True,False
1,1,0.9777295,1,0.56286174,1,True,False
1,1,0.99225473,1,0.8859109,1,True,False
1,1,0.9834282,1,0.9977398,1,True,False
1,1,0.6751697,1,0.7528008,1,True,False
1,1,0.95222,0,0.7366703,0,False,False
1,1,0.97707385,1,0.88294715,1,True,False
1,1,0.9650855,1,0.8769974,1,True,False
1,1,0.6371941,0,0.5323916,0,False,False
1,1,0.6016803,1,0.89590657,1,True,False
1,1,0.89024997,1,0.9901215,1,True,False
1,1,0.98502374,1,0.98458624,1,True,False
1,1,0.99692804,1,0.9920061,1,True,False
1,1,0.98258626,1,0.67364115,1,True,False
1,1,0.9951199,1,0.99718565,1,True,False
1,1,0.8913211,1,0.9444926,1,True,False
1,1,0.9763423,1,0.96876234,1,True,False
1,1,0.84130377,1,0.6328869,1,True,False
1,0,0.5615391,1,0.76455814,0,False,False
1,1,0.94895375,1,0.9773312,1,True,False
1,1,0.95581925,1,0.97678906,1,True,False
1,1,0.9619573,1,0.7668867,1,True,False
1,1,0.97868985,1,0.98815477,1,True,False
1,0,0.51718765,1,0.8056286,0,False,False
1,0,0.6469166,1,0.6425661,0,False,False
1,1,0.59867233,1,0.86426395,1,True,False
1,1,0.96296173,0,0.50243586,0,False,False
1,1,0.9390924,1,0.7940064,1,True,False
1,1,0.9467771,1,0.78136986,1,True,False
1,1,0.9829201,1,0.95991623,1,True,False
1,1,0.99835914,1,0.9983108,1,True,False
1,1,0.9315856,1,0.93366504,1,True,False
1,1,0.9905229,1,0.95294434,1,True,False
1,1,0.9895816,1,0.96040815,1,True,False
1,1,0.9952596,1,0.9607236,1,True,False
1,0,0.5292086,1,0.9674699,0,False,False
1,1,0.94021106,1,0.97042143,1,True,False
1,1,0.7984056,1,0.97058153,1,True,False
1,1,0.824679,1,0.9320746,1,True,False
1,1,0.7380352,1,0.8353573,1,True,False
1,1,0.9916004,1,0.98880553,1,True,False
1,1,0.99070334,1,0.98609066,1,True,False
1,1,0.9489003,1,0.96060765,1,True,False
1,0,0.9382053,1,0.97529805,0,False,False
1,1,0.7157466,1,0.99460393,1,True,False
1,0,0.9162033,0,0.8609303,0,True,True
1,0,0.7349431,1,0.9646537,0,False,False
1,0,0.72962844,1,0.93598217,0,False,False
1,1,0.9757077,1,0.9650926,1,True,False
1,1,0.9778291,1,0.93297595,1,True,False
1,1,0.98513305,1,0.9649495,1,True,False
1,1,0.9804497,1,0.96178323,1,True,False
1,1,0.9458859,1,0.9797657,1,True,False
1,1,0.92657965,1,0.9700472,1,True,False
1,1,0.89156497,1,0.6622177,1,True,False
1,1,0.8846628,1,0.9572763,1,True,False
1,1,0.988771,1,0.9738904,1,True,False
1,1,0.6615731,0,0.5264208,0,False,False
1,1,0.8956671,1,0.99390584,1,True,False
1,1,0.8063304,1,0.94965345,1,True,False
1,1,0.9965377,1,0.99424183,1,True,False
1,1,0.9765123,1,0.9260772,1,True,False
1,1,0.59614426,1,0.95319664,1,True,False
1,1,0.5515019,1,0.9669949,1,True,False
1,1,0.8220787,1,0.99182445,1,True,False
1,1,0.8204143,1,0.9961669,1,True,False
1,1,0.8112486,1,0.9925621,1,True,False
1,1,0.9314783,1,0.9805375,1,True,False
1,0,0.5280673,1,0.8884015,0,False,False
1,1,0.96570146,1,0.98322326,1,True,False
1,1,0.9806764,1,0.8836765,1,True,False
1,1,0.99703634,1,0.9652415,1,True,False
1,0,0.7358978,1,0.95920515,0,False,False
1,0,0.72585565,1,0.943875,0,False,False
1,1,0.9295034,0,0.70483196,0,False,False
1,1,0.80656976,1,0.9866654,1,True,False
1,1,0.9541423,1,0.8904592,1,True,False
1,1,0.96410054,1,0.87497157,1,True,False
1,0,0.83899426,1,0.94300306,0,False,False
1,0,0.5649325,1,0.8622726,0,False,False
1,1,0.98865694,1,0.94020283,1,True,False
1,1,0.9448847,1,0.9475714,1,True,False
1,1,0.9913152,1,0.99184835,1,True,False
1,1,0.95772195,1,0.9975103,1,True,False
1,0,0.5310644,1,0.8122451,0,False,False
1,1,0.8525755,1,0.9665808,1,True,False
1,1,0.9052378,1,0.9850411,1,True,False
1,1,0.96370035,1,0.9557883,1,True,False
1,1,0.9628775,1,0.9513659,1,True,False
1,1,0.7028434,1,0.92583257,1,True,False
1,1,0.8688655,1,0.9881323,1,True,False
1,1,0.9911204,1,0.9912442,1,True,False
1,1,0.59614444,0,0.98608047,0,False,False
1,0,0.5422874,1,0.981546,0,False,False
1,1,0.9603159,1,0.9816259,1,True,False
1,1,0.95323247,1,0.9943666,1,True,False
1,1,0.992757,1,0.9984446,1,True,False
1,1,0.9733975,1,0.9915833,1,True,False
1,1,0.96261376,1,0.98372644,1,True,False
1,1,0.9771171,1,0.99817455,1,True,False
1,1,0.9995876,1,0.99916613,1,True,False
1,1,0.73137987,0,0.96800953,0,False,False
1,1,0.73607737,0,0.8977468,0,False,False
1,1,0.9524971,1,0.9495681,1,True,False
1,0,0.7363725,1,0.99568367,0,False,False
1,1,0.9672893,1,0.673774,1,True,False
1,1,0.9965945,1,0.98222095,1,True,False
1,1,0.5698744,1,0.86263883,1,True,False
1,1,0.81376994,1,0.5035351,1,True,False
1,1,0.85373884,1,0.7700764,1,True,False
1,1,0.9890047,0,0.98509985,0,False,False
1,1,0.98098606,1,0.7198484,1,True,False
1,1,0.9977939,1,0.948671,1,True,False
1,1,0.5171963,1,0.55583334,1,True,False
1,1,0.7504816,1,0.96441257,1,True,False
1,0,0.63334954,1,0.8170464,0,False,False
1,0,0.6700083,1,0.5945221,0,False,False
1,0,0.6333362,1,0.7428528,0,False,False
1,1,0.67515755,1,0.795934,1,True,False
1,1,0.99261403,1,0.98990405,1,True,False
1,1,0.6875131,1,0.9839024,1,True,False
1,1,0.92183214,1,0.98394036,1,True,False
1,1,0.958764,1,0.993137,1,True,False
1,1,0.9965102,1,0.9619168,1,True,False
1,1,0.9281257,1,0.9871428,1,True,False
1,1,0.921914,1,0.9850193,1,True,False
1,1,0.8940009,1,0.96959496,1,True,False
1,1,0.7094397,1,0.9937596,1,True,False
1,1,0.9994444,1,0.99860185,1,True,False
1,1,0.9916869,1,0.99568474,1,True,False
1,0,0.5279164,1,0.66332287,0,False,False
1,1,0.9469555,1,0.99464345,1,True,False
1,1,0.934823,0,0.96492374,0,False,False
1,1,0.9588568,0,0.9893112,0,False,False
1,1,0.9424084,1,0.653968,1,True,False
1,1,0.7313401,0,0.6612351,0,False,False
1,1,0.950338,1,0.9900609,1,True,False
1,1,0.902054,1,0.9901349,1,True,False
1,1,0.5547129,1,0.8956156,1,True,False
1,1,0.8515972,1,0.84562063,1,True,False
1,1,0.9980907,1,0.9945938,1,True,False
1,1,0.99767464,1,0.9946104,1,True,False
1,1,0.6579514,1,0.9883802,1,True,False
1,0,0.6070757,1,0.90853983,0,False,False
1,1,0.9495594,1,0.9905646,1,True,False
1,1,0.7494481,1,0.96190333,1,True,False
1,1,0.9125289,1,0.93137574,1,True,False
1,1,0.9638564,1,0.8729355,1,True,False
0,0,0.9718766,1,0.52631176,0,False,False
0,0,0.9452984,1,0.91566944,0,False,False
0,0,0.9653377,0,0.9943697,0,True,True
0,1,0.7817078,1,0.96133804,1,True,False
0,0,0.94790065,1,0.98578393,0,False,False
0,0,0.94238997,0,0.9829333,0,True,True
0,0,0.649964,1,0.9859372,0,False,False
0,0,0.989703,1,0.74202096,0,False,False
0,0,0.98947376,1,0.5829337,0,False,False
0,0,0.7431241,0,0.8861798,0,True,True
0,0,0.97534615,0,0.95298773,0,True,True
0,0,0.8852067,0,0.6185237,0,True,True
0,0,0.996454,0,0.8870143,0,True,True
0,0,0.9777485,0,0.7973925,0,True,True
0,0,0.9620696,1,0.8895567,0,False,False
0,1,0.8849625,0,0.92303497,0,False,False
0,0,0.83341426,1,0.9969778,0,False,False
0,1,0.67614377,0,0.934335,0,False,False
0,1,0.8950243,1,0.9601554,1,True,False
0,1,0.5124851,0,0.5040246,0,False,False
0,1,0.55828863,1,0.997556,1,True,False
0,0,0.6305867,1,0.87838644,0,False,False
0,0,0.8061236,1,0.6776171,0,False,False
0,0,0.8935782,0,0.97542477,0,True,True
0,0,0.9475396,0,0.9966384,0,True,True
0,0,0.57996035,1,0.94821674,0,False,False
0,0,0.9439279,0,0.8866193,0,True,True
0,0,0.7367113,0,0.5242131,0,True,False
0,0,0.9430304,1,0.935988,0,False,False
0,0,0.8112866,1,0.595391,0,False,False
0,0,0.9778857,0,0.99971265,0,True,True
0,0,0.9774449,0,0.76591045,0,True,True
0,0,0.933421,1,0.553496,0,False,False
0,0,0.9459183,0,0.97460055,0,True,True
0,0,0.9410118,0,0.8857085,0,True,True
0,0,0.935512,1,0.98793167,0,False,False
0,0,0.93421584,1,0.9103949,0,False,False
0,0,0.7269915,1,0.94551575,0,False,False
0,0,0.8050199,0,0.9803155,0,True,True
0,0,0.9127054,0,0.9944477,0,True,True
0,0,0.5138027,1,0.9308585,0,False,False
0,0,0.7670017,0,0.95129395,0,True,True
0,0,0.54892963,0,0.9797941,0,True,True
0,0,0.5815399,0,0.76702255,0,True,False
0,0,0.96741587,1,0.5776344,0,False,False
0,0,0.9459178,0,0.9992637,0,True,True
0,0,0.9145117,0,0.98529017,0,True,True
0,1,0.78923666,1,0.86522436,1,True,False
0,1,0.55463684,1,0.653186,1,True,False
0,1,0.9801625,1,0.963875,1,True,False
0,1,0.5829286,0,0.79019225,0,False,False
0,0,0.7588558,1,0.920767,0,False,False
0,0,0.92741454,0,0.9983197,0,True,True
0,0,0.93410015,1,0.9292958,0,False,False
0,0,0.9878961,0,0.9928221,0,True,True
0,0,0.9628366,0,0.86535466,0,True,True
0,0,0.9599904,0,0.98753345,0,True,True
0,0,0.8186668,0,0.7576249,0,True,True
0,0,0.9134536,1,0.9137097,0,False,False
0,0,0.9502966,0,0.9962509,0,True,True
0,0,0.9514845,0,0.9482546,0,True,True
0,1,0.68759346,1,0.85217243,1,True,False
0,0,0.96522874,0,0.9996037,0,True,True
0,1,0.5616265,1,0.62817657,1,True,False
0,0,0.5096908,1,0.92965305,0,False,False
0,1,0.5568787,1,0.6405499,1,True,False
0,0,0.9906854,0,0.7298768,0,True,True
0,0,0.95772326,1,0.9695117,0,False,False
0,0,0.9811968,0,0.9020826,0,True,True
0,0,0.98576444,1,0.62682325,0,False,False
0,0,0.9266575,1,0.8340714,0,False,False
0,0,0.9856904,0,0.9978484,0,True,True
0,0,0.92568016,1,0.7918846,0,False,False
0,0,0.7741968,1,0.99005216,0,False,False
0,0,0.9057687,0,0.9648559,0,True,True
0,1,0.5383593,1,0.9226214,1,True,False
0,0,0.81422424,1,0.9012734,0,False,False
0,0,0.9802986,0,0.9761184,0,True,True
0,0,0.9895567,1,0.8079556,0,False,False
0,0,0.9436364,0,0.84060377,0,True,True
0,0,0.9017378,0,0.99249434,0,True,True
0,0,0.90028584,0,0.98809344,0,True,True
0,0,0.5472763,0,0.50768733,0,True,False
0,0,0.9957926,0,0.9954365,0,True,True
0,0,0.5286843,1,0.5433347,0,False,False
0,0,0.9860345,0,0.8669859,0,True,True
0,0,0.91523165,0,0.95061994,0,True,True
0,1,0.6304585,1,0.92717516,1,True,False
0,0,0.97360206,0,0.9883384,0,True,True
0,0,0.92963904,1,0.92552274,0,False,False
0,1,0.7700451,1,0.96456224,1,True,False
0,0,0.975278,1,0.5013423,0,False,False
0,0,0.7775498,0,0.94000244,0,True,True
0,0,0.8342487,0,0.75735974,0,True,True
0,0,0.56692344,1,0.6752716,0,False,False
0,0,0.9236444,0,0.99343467,0,True,True
0,0,0.65125585,1,0.83097035,0,False,False
0,0,0.78929335,0,0.80659765,0,True,True
0,0,0.98041934,0,0.9240503,0,True,True
0,0,0.6977581,0,0.7201376,0,True,True
0,0,0.8297944,1,0.76768214,0,False,False
0,0,0.9714769,0,0.92702097,0,True,True
0,0,0.6065963,0,0.8791413,0,True,True
0,0,0.81940156,1,0.84159786,0,False,False
0,1,0.7057595,1,0.67238086,1,True,False
0,0,0.6343577,1,0.9630577,0,False,False
0,0,0.821074,0,0.99454546,0,True,True
0,0,0.68877596,0,0.6182233,0,True,False
0,0,0.958701,0,0.99759406,0,True,True
0,0,0.9585462,0,0.89292425,0,True,True
0,0,0.97807556,0,0.5773976,0,True,True
0,0,0.6649523,1,0.67462194,0,False,False
0,0,0.8769966,1,0.5327711,0,False,False
0,1,0.85138327,1,0.8154333,1,True,False
0,0,0.8000329,0,0.9694705,0,True,True
0,0,0.8898389,0,0.663002,0,True,True
0,0,0.82861596,0,0.94388986,0,True,True
0,1,0.52796185,0,0.98858577,0,False,False
0,0,0.7804798,1,0.895629,0,False,False
0,1,0.6805898,1,0.5220798,1,True,False
0,1,0.568187,0,0.7058001,0,False,False
0,0,0.59194446,1,0.997898,0,False,False
0,0,0.703006,1,0.98541,0,False,False
0,0,0.9623145,1,0.9517952,0,False,False
0,0,0.942286,0,0.9925364,0,True,True
0,0,0.8355999,1,0.69223046,0,False,False
0,0,0.739811,1,0.89461976,0,False,False
0,0,0.61949307,1,0.927221,0,False,False
0,0,0.9988367,0,0.98889273,0,True,True
0,1,0.5598071,0,0.67385554,0,False,False
0,0,0.84741163,0,0.9267126,0,True,True
0,0,0.5969004,1,0.86640316,0,False,False
0,0,0.8641757,0,0.98845905,0,True,True
0,0,0.91539365,1,0.9911021,0,False,False
0,0,0.6712657,1,0.904416,0,False,False
0,0,0.89985424,1,0.82071894,0,False,False
0,0,0.8683521,0,0.8578564,0,True,True
0,0,0.91518044,0,0.6639934,0,True,True
0,0,0.9149661,0,0.9906247,0,True,True
0,0,0.91753846,0,0.6643317,0,True,True
0,0,0.733731,1,0.99716276,0,False,False
0,0,0.84535235,0,0.9949956,0,True,True
0,0,0.9569175,0,0.99314123,0,True,True
0,0,0.7607994,1,0.88822186,0,False,False
0,0,0.75243586,1,0.9467721,0,False,False
0,1,0.6263083,0,0.5740384,0,False,False
0,1,0.9431133,0,0.96404684,0,False,False
0,0,0.57207465,1,0.51968133,0,False,False
0,0,0.8686873,0,0.9811204,0,True,True
0,0,0.9080451,1,0.99343187,0,False,False
0,0,0.7936333,0,0.8739752,0,True,True
0,0,0.9894571,0,0.98648095,0,True,True
0,0,0.9716229,1,0.99205446,0,False,False
0,1,0.6793834,1,0.87408733,1,True,False
0,1,0.84125555,1,0.7267693,1,True,False
0,0,0.9048865,0,0.9850668,0,True,True
0,0,0.6180785,0,0.93443865,0,True,True
0,0,0.9528624,1,0.7432078,0,False,False
0,1,0.6414001,1,0.62722176,1,True,False
0,0,0.99047405,0,0.68606967,0,True,True
0,0,0.95115924,1,0.8439095,0,False,False
0,0,0.9394289,0,0.7546881,0,True,True
0,1,0.6485384,0,0.7960674,0,False,False
0,1,0.8127256,1,0.64869136,1,True,False
0,0,0.987341,0,0.9988852,0,True,True
0,1,0.7408955,1,0.68450916,1,True,False
0,0,0.8898086,0,0.6258147,0,True,True
0,0,0.6097665,1,0.88019943,0,False,False
0,0,0.9879376,0,0.9957235,0,True,True
0,0,0.9844009,1,0.956725,0,False,False
0,0,0.9820338,0,0.99931526,0,True,True
0,0,0.63510495,0,0.9775009,0,True,True
0,0,0.9820139,0,0.9386629,0,True,True
0,0,0.9571055,0,0.9996842,0,True,True
0,1,0.8615039,1,0.63324666,1,True,False
0,0,0.85045844,1,0.81102973,0,False,False
0,0,0.9872436,1,0.51784676,0,False,False
0,1,0.86323845,1,0.9860253,1,True,False
0,0,0.8746846,0,0.7507716,0,True,True
0,0,0.75290436,1,0.9984193,0,False,False
0,1,0.5861826,1,0.5867625,1,True,False
0,0,0.7104449,1,0.8442743,0,False,False
0,0,0.9334904,0,0.7603889,0,True,True
0,1,0.8775508,1,0.9485704,1,True,False
0,0,0.8984034,0,0.99611413,0,True,True
0,0,0.9047404,0,0.9976687,0,True,True
0,0,0.9296583,1,0.94959474,0,False,False
0,1,0.7948079,0,0.9950478,0,False,False
0,0,0.9933616,0,0.9996978,0,True,True
0,0,0.87272906,1,0.889539,0,False,False
0,1,0.8735474,1,0.7057942,1,True,False
0,1,0.7541126,1,0.57272655,1,True,False
0,1,0.7883578,0,0.9561212,0,False,False
0,0,0.86495674,1,0.9427493,0,False,False
0,0,0.9545061,0,0.98168695,0,True,True
0,0,0.7555381,1,0.9723331,0,False,False
0,0,0.9252881,1,0.8564552,0,False,False
0,0,0.9246169,0,0.9365796,0,True,True
0,0,0.92614156,0,0.9875322,0,True,True
0,1,0.65273166,1,0.8738221,1,True,False
0,1,0.79987764,1,0.99728096,1,True,False
0,1,0.5544678,0,0.8481272,0,False,False
0,0,0.91467464,0,0.98050094,0,True,True
0,0,0.9050738,0,0.59040576,0,True,True
0,0,0.9184033,0,0.991117,0,True,True
0,0,0.95248103,0,0.98990726,0,True,True
0,0,0.94951177,0,0.99483865,0,True,True
0,0,0.9117056,0,0.9786341,0,True,True
0,0,0.94459987,0,0.99704486,0,True,True
0,1,0.7581363,0,0.9745194,0,False,False
0,0,0.88445604,0,0.9828027,0,True,True
0,0,0.9345614,1,0.82888544,0,False,False
0,0,0.8976005,1,0.92339516,0,False,False
0,1,0.7259831,1,0.7736124,1,True,False
0,0,0.9949492,0,0.9963433,0,True,True
0,0,0.97454005,0,0.97711813,0,True,True
0,1,0.7217867,0,0.7231394,0,False,False
0,0,0.9045161,0,0.98297113,0,True,True
0,0,0.88216394,0,0.9062489,0,True,True
0,1,0.78589356,1,0.71572673,1,True,False
0,0,0.98452514,0,0.96572465,0,True,True
0,0,0.77393955,1,0.91064095,0,False,False
0,0,0.9616618,0,0.9036981,0,True,True
0,0,0.97486275,0,0.98597556,0,True,True
0,0,0.9917263,0,0.9433824,0,True,True
0,0,0.9249772,0,0.9626877,0,True,True
0,0,0.60932785,1,0.8381976,0,False,False
0,1,0.74238485,1,0.9812176,1,True,False
0,0,0.97762567,0,0.5311858,0,True,True
0,0,0.95494986,1,0.8805377,0,False,False
0,0,0.98520607,1,0.84574276,0,False,False
0,1,0.85123444,1,0.90623266,1,True,False
0,1,0.50257885,0,0.50420487,0,False,False
0,0,0.95761275,0,0.9975176,0,True,True
0,0,0.8825218,0,0.9914751,0,True,True
0,0,0.9533431,0,0.9971347,0,True,True
0,0,0.61028564,1,0.9482743,0,False,False
0,0,0.9954438,1,0.9041852,0,False,False
0,0,0.9275434,0,0.9910772,0,True,True
0,0,0.5645551,0,0.7798617,0,True,False
0,0,0.71786857,0,0.6656927,0,True,False
0,0,0.8983389,0,0.6992679,0,True,True
0,0,0.99449784,0,0.99622715,0,True,True
0,0,0.924281,0,0.9418885,0,True,True
0,0,0.9676127,0,0.9350731,0,True,True
0,0,0.9421351,0,0.99245995,0,True,True
0,0,0.96776897,0,0.9958973,0,True,True
0,0,0.7321686,0,0.9730811,0,True,True
0,0,0.9026735,1,0.51092625,0,False,False
0,0,0.9966186,0,0.9895291,0,True,True
0,0,0.94317734,1,0.81201684,0,False,False
0,0,0.88060105,0,0.97314984,0,True,True
0,0,0.9645662,1,0.97914755,0,False,False
0,0,0.6934181,1,0.8457409,0,False,False
0,0,0.71966773,1,0.599344,0,False,False
0,0,0.97091,0,0.9987796,0,True,True
0,0,0.96583253,0,0.99465454,0,True,True
0,1,0.9720569,1,0.65419513,1,True,False
0,0,0.847205,1,0.69548774,0,False,False
0,1,0.8264969,0,0.96078765,0,False,False
0,1,0.91409504,1,0.87260014,1,True,False
0,1,0.8010148,1,0.94349295,1,True,False
0,0,0.74370855,0,0.5790338,0,True,False
0,0,0.9716925,1,0.97967243,0,False,False
0,1,0.5585775,1,0.7024245,1,True,False
0,0,0.9201431,0,0.5830147,0,True,True
0,0,0.81407374,1,0.89185804,0,False,False
0,0,0.5846496,1,0.6423618,0,False,False
0,0,0.8622555,0,0.9819964,0,True,True
0,0,0.9012965,0,0.85612106,0,True,True
0,0,0.9519499,1,0.9073806,0,False,False
0,0,0.95310676,1,0.98366034,0,False,False
0,0,0.86732656,1,0.9345695,0,False,False
0,1,0.8227664,1,0.9885688,1,True,False
0,0,0.8761078,0,0.96958846,0,True,True
0,1,0.9655393,1,0.99294335,1,True,False
0,0,0.9524182,0,0.9792756,0,True,True
0,0,0.85651624,1,0.9159833,0,False,False
0,0,0.96935755,0,0.996214,0,True,True
0,0,0.9622339,0,0.95278555,0,True,True
0,1,0.9112956,1,0.98445266,1,True,False
0,0,0.7232198,1,0.6999429,0,False,False
0,0,0.72966725,0,0.808623,0,True,True
0,0,0.6254924,0,0.5784449,0,True,False
0,0,0.9014659,0,0.8818906,0,True,True
0,0,0.89092165,1,0.5271503,0,False,False
0,0,0.90201306,0,0.95356506,0,True,True
0,0,0.94255906,1,0.7470434,0,False,False
0,0,0.9799619,0,0.99389315,0,True,True
0,0,0.9978131,0,0.93938535,0,True,True
0,0,0.7992388,1,0.93078506,0,False,False
0,0,0.9520418,0,0.99330854,0,True,True
0,0,0.7335508,1,0.84528273,0,False,False
0,0,0.6271242,1,0.95394325,0,False,False
0,0,0.76904017,0,0.72816503,0,True,True
0,0,0.71712124,0,0.65770274,0,True,False
0,0,0.90211767,1,0.992998,0,False,False
0,0,0.8684863,0,0.9458198,0,True,True
0,0,0.96325797,1,0.6260013,0,False,False
0,0,0.5507763,0,0.60858804,0,True,False
0,0,0.83353734,0,0.8039842,0,True,True
0,1,0.6748434,1,0.9808139,1,True,False
0,0,0.8981807,0,0.5040914,0,True,True
0,0,0.9918263,1,0.9577565,0,False,False
0,0,0.9906125,1,0.9082077,0,False,False
0,0,0.90332174,0,0.9978325,0,True,True
0,0,0.8588409,1,0.6850571,0,False,False
0,0,0.979194,0,0.7227201,0,True,True
